trajectory_id,t,x,y,floorNumber
201902181020,0.0,2611.339649300733,4703.756535661291,0
201902181020,1.6159549999999996,2470.50335360811,4629.948437431974,0
201902181020,2.528585999999999,2436.970902252723,4589.689474761437,0
201902181020,3.216006,2416.851431439491,4529.301030755632,0
201902181020,5.048462000000001,2336.373548186564,4509.171549420363,0
201902181020,5.718488000000001,2255.8956649336355,4462.202759638069,0
201902181020,6.391715999999999,2202.243742765017,4408.5241427440205,0
201902181020,7.175142999999999,2202.243742765017,4354.845525849971,0
201902181020,9.974749,2175.417781680708,4294.457081844165,0
201902181020,11.048631999999998,2182.124271951785,4220.648983614848,0
201902181020,11.904905,2195.5372524939394,4140.131058273773,0
201902181020,12.744858,2188.830762222862,4059.613132932699,0
201902181020,13.512449,2148.591820596398,3979.0952075916257,0
201902181020,14.496568,2148.591820596398,3905.287109362308,0
201902181020,15.232173,2148.591820596398,3811.349529797721,0
201902181020,15.975179,2135.178840054244,3690.572641786111,0
201902181020,17.568457,2074.8204276145475,3630.184197780305,0
201902181020,18.59258,2041.287976259161,3549.666272439231,0
201902181020,21.687593,1987.6360540905423,3469.1483470981566,0
201902181020,24.679254,1907.1581708376143,3442.3090386511326,0
201902181020,26.736225,1779.7348556871452,3415.4697302041072,0
201902181020,27.98383,1726.0829335185267,3469.1483470981566,0
201902181020,30.952301,1732.789423789604,3368.5009404218144,0
201902181020,32.104187,1726.0829335185267,3287.98301508074,0
201902181020,33.072531999999995,1719.3764432474493,3227.5945710749347,0
201902181020,33.904,1719.3764432474493,3160.496299957373,0
201902181020,34.775887999999995,1739.4959140606816,3053.1390661692744,0
201902181020,35.479725,1739.4959140606816,2965.911313716444,0
201902181020,36.343659,1726.0829335185267,2878.683561263614,0
201902181020,37.144273,1726.0829335185267,2784.745981699028,0
201902181020,38.519588,1732.789423789604,2710.93788346971,0
201902181020,49.832585,1793.1478362293,2637.1297852403923,0
201902181020,50.680403,1853.506248668996,2576.741341234587,0
201902181020,51.360123,1920.571151379769,2516.352897228781,0
201902181020,52.023848,1987.6360540905423,2455.9644532229754,0
201902181020,53.224411,2054.7009568013154,2388.866182105414,0
201902181020,62.99946,2121.765859512089,2395.57600921717,0
201902181020,63.696169,2195.5372524939394,2435.834971887707,0
201902181020,64.319534,2276.015135746867,2449.25462611122,0
201902181020,64.98408500000001,2329.667057915486,2489.5135887817564,0
201902181020,72.864425,2356.493018999795,2415.7054905524387,0
201902181020,73.759893,2410.144941168414,2362.0268736583894,0
201902181020,74.599791,2457.090373065955,2288.2187754290712,0
201902181020,75.60779500000001,2416.851431439491,2187.571368752729,0
201902181020,76.54415,2329.667057915486,2113.763270523411,0
201902181020,77.400312,2222.363213578249,2086.9239620763865,0
201902181020,78.03882800000001,2148.591820596398,2046.6649994058496,0
201902181020,78.687385,2088.2334081567024,2006.406036735312,0
201902181020,79.663103,2041.287976259161,1979.566728288288,0
201902181020,127.663862,2081.526917885625,1885.6291487237013,0
201902181020,128.72866,2135.178840054244,1845.3701860531644,0
201902181020,130.240155,2148.591820596398,1758.1424336003342,0
201902181020,131.279631,2155.298310867476,1691.044162482773,0
201902181020,132.22302399999998,2148.591820596398,1617.2360642534547,0
201902181020,133.248348,2148.591820596398,1550.1377931358932,0
201902181020,134.263553,2195.5372524939394,1483.0395220183314,0
201902181020,135.37628999999998,2255.8956649336355,1456.200213571307,0
201902181020,136.575604,2309.547587102254,1415.9412509007698,0
201902181020,138.439763,2363.199509270873,1415.9412509007698,0
201902181020,139.59966699999998,2423.5579217105687,1355.552806894964,0
201902181020,142.91924799999998,2504.0358049634965,1335.4233255596955,0
201902181020,143.679906,2571.1007076742694,1315.2938442244272,0
201902181020,144.527909,2651.5785909271976,1295.1643628891588,0
201902181020,145.528306,2711.9370033668934,1295.1643628891588,0
201902181020,146.528369,2792.4148866198216,1288.4545357774025,0
201902181020,148.023046,2872.8927698727493,1295.1643628891588,0
201902181020,148.879875,2926.544692041368,1295.1643628891588,0
201902181020,150.135584,3020.4355558364505,1308.584017112671,0
201902181020,150.93535599999998,3094.206948818301,1301.8741900009147,0
201902181020,151.768591,3181.3913223423065,1301.8741900009147,0
201902181020,152.518968,3288.6951666795435,1301.8741900009147,0
201902181020,153.599013,3349.05357911924,1301.8741900009147,0
201902181020,154.37658299999998,3422.8249721010898,1308.584017112671,0
201902181020,156.99172,3489.889874811863,1322.0036713361833,0
201902181020,157.680567,3550.24828725156,1322.0036713361833,0
201902181020,164.648698,3510.009345625096,1368.9724611184763,0
201902181020,165.255824,3436.237952643245,1368.9724611184763,0
201902181020,165.942377,3436.237952643245,1415.9412509007698,0
201902181020,166.599587,3436.237952643245,1456.200213571307,0
201902181020,170.176672,3436.237952643245,1536.7181389123807,0
201902181020,171.103184,3436.237952643245,1597.1065829181864,0
201902181020,171.871009,3463.0639137275543,1637.3655455887233,0
201902181020,197.472527,3516.7158358961724,1637.3655455887233,0
201902181020,199.176588,3583.7807386069458,1590.39675580643,0
201902181020,200.031559,3610.606699691255,1550.1377931358932,0
201902181020,202.824354,3630.726170504487,1576.9771015829178,0
201902181020,203.697007,3677.671602402028,1617.2360642534547,0
201902181020,204.415462,3731.323524570647,1617.2360642534547,0
201902181020,205.088469,3784.975446739266,1664.2048540357478,0
201902181020,205.65635,3818.507898094653,1711.173643818041,0
201902181020,206.319616,3865.453329992194,1724.5932980415537,0
201902181020,206.855412,3919.105252160812,1764.8522607120906,0
201902181020,207.399472,3959.344193787276,1798.4013962708714,0
201902181020,208.095025,3999.583135413741,1831.950531829652,0
201902181020,208.615744,4019.702606226972,1858.7898402766768,0
201902181020,226.112396,4080.061018666668,1872.2094945001893,0
201902181020,227.088628,4113.593470022055,1825.240704717896,0
201902181020,228.296347,4127.0064505642085,1751.432606488578,0
201902181020,229.471613,4147.125921377442,1704.4638167062851,0
201902181020,236.00863,4187.364863003905,1784.981742047359,0
201902181020,236.504453,4200.77784354606,1858.7898402766768,0
201902181020,237.263665,4247.723275443601,1899.0488029472133,0
201902181020,238.401054,4308.0816878832975,1939.3077656177509,0
201902181020,239.135581,4334.907648967606,1999.6962096235563,0
201902181020,239.848799,4348.320629509761,2073.5043078528743,0
201902181020,248.991442,4361.733610051916,2127.182924746924,0
201902181020,250.912304,4361.733610051916,2167.4418874174607,0
201902181020,251.799439,4301.375197612219,2268.089294093803,0
201902181020,252.416202,4274.549236527911,2335.187565211365,0
201902181020,253.095922,4214.190824088215,2355.3170465466333,0
201902181020,253.775575,4160.538901919595,2362.0268736583894,0
201902181020,254.367724,4133.712940835287,2395.57600921717,0
201902181020,264.367264,4187.364863003905,2368.736700770145,0
201902181020,265.063145,4241.016785172524,2362.0268736583894,0
201902181020,266.247063,4314.788178154375,2348.6072194348767,0
201902181020,266.894989,4375.14659059407,2315.058083876096,0
201902181020,267.52027,4415.385532220535,2288.2187754290712,0
201902181020,268.496248,4469.037454389153,2234.5401585350223,0
201902181020,269.238893,4515.982886286694,2200.9910229762413,0
201902181020,269.767636,4583.047788997467,2167.4418874174607,0
201902181020,270.359593,4663.525672250396,2154.022233193948,0
201902181020,270.904194,4737.297065232247,2154.022233193948,0
201902181020,271.927754,4797.655477671941,2154.022233193948,0
201902181020,272.615586,4831.187929027329,2154.022233193948,0
201902181020,273.350991,4884.839851195947,2154.022233193948,0
201902181020,274.12068,4918.372302551334,2154.022233193948,0
201902181020,275.246984,4931.785283093488,2100.3436162998987,0
201902181020,276.295293,4958.611244177798,2033.245345182337,0
201902181020,277.432601,4965.317734448875,1966.147074064776,0
201902181020,280.159948,4992.143695533185,1899.0488029472133,0
201902181020,281.152084,4992.143695533185,1831.950531829652,0
201902181020,283.359603,4985.4372052621065,1778.271914935603,0
201902181020,284.232191,5012.263166346416,1711.173643818041,0
201902181020,285.046899,5039.089127430726,1630.655718476967,0
201902181020,286.551093,5072.621578786113,1563.5574473594054,0
201902181020,287.464781,5119.567010683654,1509.878830465356,0
201902181020,288.256173,5166.512442581196,1483.0395220183314,0
201902181020,289.504503,5193.338403665503,1476.3296949065752,0
201902181020,295.664534,5200.0448939365815,1389.101942453745,0
201902181020,296.352108,5213.457874478736,1322.0036713361833,0
201902181020,297.007319,5287.229267460586,1301.8741900009147,0
201902181020,298.344093,5407.946092339978,1348.8429797832082,0
201902181020,299.26408,5515.249936677215,1355.552806894964,0
201902181020,300.23221,5575.608349116911,1375.6822882302326,0
201902181020,300.951592,5602.434310201221,1442.7805593477945,0
201902181020,302.551865,5649.379742098762,1442.7805593477945,0
201902181020,307.047695,5662.792722640917,1489.7493491300877,0
201902181020,319.295837,5669.499212911994,1556.847620247649,0
201902181020,320.496455,5669.499212911994,1590.39675580643,0
201902181020,321.264209,5676.205703183072,1623.9458913652109,0
201902181020,332.016445,5682.912193454149,1697.7539895945288,0
201902181020,335.32792,5662.792722640917,1758.1424336003342,0
201902181020,337.759422,5689.618683725226,1798.4013962708714,0
201902181020,341.135904,5736.564115622768,1805.111223382628,0
201902181020,341.840171,5817.041998875695,1791.691569159115,0
201902181020,343.048205,5890.813391857546,1791.691569159115,0
201902181020,343.944895,5957.878294568319,1751.432606488578,0
201902181020,344.648487,6024.943197279093,1738.0129522650657,0
201902181020,345.239559,6085.301609718788,1670.914681147504,0
201902181020,346.815457,6125.540551345252,1623.9458913652109,0
201902181020,347.880726,6199.311944327103,1590.39675580643,0
201902181020,354.248741,6273.083337308954,1563.5574473594054,0
201902181020,438.065428,6266.376847037876,1483.0395220183314,0
201902181020,440.377523,6252.963866495722,1415.9412509007698,0
201902181020,441.378139,6199.311944327103,1355.552806894964,0
201902181020,446.296789,6105.421080532021,1348.8429797832082,0
201902181020,447.40892,6078.595119447711,1301.8741900009147,0
201902181020,448.4648,6038.356177821247,1254.9054002186217,0
201902181020,449.465738,5998.117236194783,1194.5169562128162,0
201902181020,450.560408,5951.171804297242,1134.1285122070108,0
201902181020,451.920713,5904.2263723997,1093.869549536474,0
201902181020,479.041469,5830.45497941785,1100.5793766482298,0
201902181020,479.943998,5743.270605893845,1080.4498953129614,0
201902181020,480.921871,5662.792722640917,1060.3204139776929,0
201902181020,482.170201,5595.727819930144,1020.0614513071558,0
201902181020,483.393264,5562.195368574757,946.253353077838,0
201902181020,484.457284,5562.195368574757,859.0256006250078,0
201902181020,485.426069,5555.48887830368,791.9273295074462,0
201902181020,494.468483,5555.48887830368,724.8290583898845,0
201902181020,495.444887,5582.314839387989,664.4406143840789,0
201902181020,497.077304,5622.553781014452,644.3111330488105,0
201902181020,500.492409,5682.912193454149,637.6013059370542,0
201902181020,501.228179,5743.270605893845,630.8914788252982,0
201902181020,501.804849,5817.041998875695,624.181651713542,0
201902181020,502.73338,5843.867959960005,644.3111330488105,0
201902181020,511.236904,5904.2263723997,644.3111330488105,0
201902181020,530.172053,5964.584784839397,684.5700957193475,0
201902181020,530.797747,6011.530216736938,697.9897499428598,0
201902181020,593.04497,6098.714590260943,785.21750239569,0
201902181020,594.144596,6145.660022158484,892.5747361837888,0
201902181020,595.321112,6199.311944327103,999.9319699718872,0
201902181020,595.968559,6306.61578866434,979.8024886366188,0
201902181020,598.216872,6366.974201104036,939.543525966082,0
201902181020,599.257073,6360.267710832959,845.6059464014955,0
201902181020,616.633007,6366.974201104036,758.3781939486653,0
201902181020,617.473395,6380.387181646191,691.2799228311036,0
201902181020,633.626146,6360.267710832959,597.3423432665173,0
201902181020,636.960527,6346.854730290805,516.8244179254433,0
201902181020,638.184467,6387.093671917268,443.0163196961255,0
201902181020,641.544218,6454.158574628041,409.4671841373447,0
201902181020,650.151249,6527.929967609892,396.0475299138323,0
201902181020,676.10923,6608.40785086282,416.1770112491008,0
201902181020,684.109743,6682.179243844671,416.1770112491008,0
201902181020,702.230267,6709.00520492898,463.14580103139394,0
201902181020,702.999011,6709.00520492898,523.5342450371995,0
201902181020,704.149049,6709.00520492898,610.7619974900297,0
201902181020,712.5333449999999,6709.00520492898,677.8602686075914,0
201902181020,713.405295,6735.831166013289,785.21750239569,0
201902181020,714.677685,6735.831166013289,838.8961192897393,0
201902181020,727.4537329999999,6695.592224386825,899.2845632955448,0
201902181020,734.532419,6601.701360591743,905.9943904073008,0
201902181020,737.42893,6521.223477338815,905.9943904073008,0
201902181020,739.758362,6393.800162188346,919.4140446308134,0
201902181020,741.757982,6333.441749748649,973.0926615248628,0
201902181020,743.165353,6340.148240019727,1046.9007597541806,0
201902181020,744.132021,6340.148240019727,1127.4186850952544,0
201902181020,745.149782,6333.441749748649,1241.4857459951097,0
201902181020,745.949479,6340.148240019727,1315.2938442244272,0
201902181020,746.813745,6306.61578866434,1409.2314237890134,0
201902181020,747.589529,6273.083337308954,1530.0083118006246,0
201902181020,748.413321,6252.963866495722,1617.2360642534547,0
201902181020,749.205394,6239.550885953567,1711.173643818041,0
201902181020,750.238144,6226.137905411412,1791.691569159115,0
201902181020,750.844752,6219.431415140335,1885.6291487237013,0
201902181020,751.477219,6219.431415140335,1992.9863825118,0
201902181020,752.1412,6232.844395682489,2053.374826517605,0
201902181020,752.75031,6299.909298393263,2093.6337891881426,0
201902181020,753.6613619999999,6393.800162188346,2120.4730976351675,0
201902181020,754.180911,6467.571555170196,2100.3436162998987,0
201902181020,754.925428,6521.223477338815,2060.084653629362,0
201902181020,755.781256,6568.168909236356,1992.9863825118,0
201902181020,756.669991,6574.875399507433,1892.3389758354576,0
201902181020,757.8685399999999,6588.288380049588,1805.111223382628,0
201902181020,758.97346,6588.288380049588,1724.5932980415537,0
201902181020,761.465887,6279.789827580031,1509.878830465356,1
201902181020,762.472359,6286.496317851108,1402.521596677257,1
201902181020,763.289067,6279.789827580031,1328.7134984479396,1
201902181020,764.096694,6293.202808122185,1234.7759188833531,1
201902181020,765.1536,6293.202808122185,1167.6776477657916,1
201902181020,785.690516,6279.789827580031,1080.4498953129614,1
201902181020,788.001296,6279.789827580031,999.9319699718872,1
201902181020,789.129631,6246.257376224644,912.7042175190572,1
201902181020,796.355624,6252.963866495722,838.8961192897393,1
201902181020,797.227816,6252.963866495722,765.0880210604215,1
201902181020,799.396856,6226.137905411412,704.699577054616,1
201902181020,801.331951,6172.485983242794,691.2799228311036,1
201902181020,802.042742,6085.301609718788,758.3781939486653,1
201902181020,802.931937,6038.356177821247,791.9273295074462,1
201902181020,803.788371,5984.7042556526285,838.8961192897393,1
201902181020,804.611084,5964.584784839397,865.735427736764,1
201902181020,825.3633629999999,5957.878294568319,805.3469837309585,1
201902181020,825.956285,5924.345843212933,758.3781939486653,1
201902181020,850.714925,5890.813391857546,691.2799228311036,1
201902181020,851.915095,5870.693921044314,617.4718246017858,1
201902181020,853.420437,5877.400411315392,557.0833805959803,1
201902181020,868.421157,5890.813391857546,496.6949365901748,1
201902181020,880.953049,5977.997765381551,489.9851094784186,1
201902181020,882.2636699999999,6031.64968755017,489.9851094784186,1
201902181020,883.0237999999999,6118.834061074174,489.9851094784186,1
201902181020,883.894856,6172.485983242794,489.9851094784186,1
201902181020,884.920061,6226.137905411412,489.9851094784186,1
201902181020,942.73926,6293.202808122185,516.8244179254433,1
201902181020,943.876374,6306.61578866434,536.9538992607118,1
201902181020,944.45247,6333.441749748649,570.5030348194927,1
201902181020,945.380608,6353.561220561881,617.4718246017858,1
201902181020,946.500613,6360.267710832959,657.7307872723228,1
201902181020,947.429554,6340.148240019727,718.1192312781283,1
201902181020,948.116717,6306.61578866434,785.21750239569,1
201902181020,948.820385,6246.257376224644,838.8961192897393,1
201902181020,949.524422,6179.192473513871,879.1550819602763,1
201902181020,950.180817,6118.834061074174,926.1238717425696,1
201902181020,950.844198,6038.356177821247,959.6730073013504,1
201902181020,951.508736,5977.997765381551,999.9319699718872,1
201902181020,952.132574,5897.519882128623,999.9319699718872,1
201902181020,952.909462,5830.45497941785,999.9319699718872,1
201902181020,954.404991,5763.390076707076,999.9319699718872,1
201902181020,955.084187,5689.618683725226,999.9319699718872,1
201902181020,961.356758,5622.553781014452,979.8024886366188,1
201902181020,963.18015,5555.48887830368,959.6730073013504,1
201902181020,964.693457,5488.423975592907,919.4140446308134,1
201902181020,965.836589,5421.359072882134,939.543525966082,1
201902181020,966.581094,5421.359072882134,959.6730073013504,1
201902181020,968.499973,5387.826621526747,993.2221428601312,1
201902181020,970.348567,5334.174699358127,973.0926615248628,1
201902181020,972.253281,5246.990325834123,959.6730073013504,1
201902181020,973.300347,5179.925423123349,959.6730073013504,1
201902181020,974.915932,5099.447539870421,966.3828344131064,1
201902181020,976.252358,5025.676146888572,959.6730073013504,1
201902181020,978.237684,4938.491773364565,946.253353077838,1
201902181020,979.292192,4884.839851195947,946.253353077838,1
201902181020,981.589206,4804.361967943019,952.963180189594,1
201902181020,1029.7656940000002,4676.93865279255,946.253353077838,1
201902181020,1036.125788,4589.754279268544,979.8024886366188,1
201902181020,1039.533347,4495.863415473462,979.8024886366188,1
201902181020,1048.100517,4408.679041949457,926.1238717425696,1
201902181020,1050.8299510000002,4334.907648967606,973.0926615248628,1
201902181020,1053.047357,4261.136255985756,986.512315748375,1
201902181020,1149.454884,4173.95188246175,973.0926615248628,1
201902181020,1150.319389,4127.0064505642085,979.8024886366188,1
201902181020,1151.174391,4053.235057582359,986.512315748375,1
201902181020,1159.8070180000002,3972.757174329431,979.8024886366188,1
201902181020,1184.3911790000002,3892.2792910765024,979.8024886366188,1
201902181020,1185.3184950000002,3818.507898094653,979.8024886366188,1
201902181020,1186.0711230000002,3751.442995383879,979.8024886366188,1
201902181020,1187.718391,3684.3780926731056,979.8024886366188,1
201902181020,1196.172763,3603.900209420178,979.8024886366188,1
201902181020,1197.769502,3516.7158358961724,979.8024886366188,1
201902181020,1231.3630480000002,3556.954777522637,973.0926615248628,1
201902181020,1232.2357840000002,3664.258621859874,912.7042175190572,1
201902181020,1233.2915420000002,3738.030014841725,892.5747361837888,1
201902181020,1234.106705,3811.801407823575,885.8649090720326,1
201902181020,1235.357666,3905.6922716186577,879.1550819602763,1
201902181020,1237.731629,3972.757174329431,865.735427736764,1
201902181020,1239.0440050000002,4053.235057582359,859.0256006250078,1
201902181020,1241.355857,4086.767508937745,798.6371566192023,1
201902181020,1283.560727,4200.77784354606,798.6371566192023,1
201902181020,1284.2895910000002,4274.549236527911,758.3781939486653,1
201902181020,1285.057381,4328.201158696529,711.4094041663722,1
201902181020,1286.513558,4355.027119780839,617.4718246017858,1
201902181020,1287.2579090000002,4348.320629509761,523.5342450371995,1
201902181020,1307.6816760000002,4381.853080865148,463.14580103139394,1
201902181020,1308.706219,4401.97255167838,409.4671841373447,1
201902181020,1316.209512,4321.494668425452,369.2082214668076,1
201902181020,1317.2888200000002,4200.77784354606,355.7885672432953,1
201902181020,1319.6482190000002,4140.419431106364,349.0787401315391,1
201902181020,1431.8398020000002,4073.354528395591,335.6590859080268,1
201902181020,1520.672833,4012.9961159558943,342.3689130197829,1
201902181020,1521.3935150000002,3925.811742431889,328.9492587962706,1
201902181020,1522.354786,3838.627368907885,328.9492587962706,1
201902181020,1524.979931,3784.975446739266,328.9492587962706,1
201902181020,1525.6652840000002,3731.323524570647,342.3689130197829,1
201902181020,1526.3232910000002,3691.0845829441832,362.49839435505146,1
201902181020,1597.234969,3684.3780926731056,456.4359739196378,1
201902181020,1598.171021,3657.552131588796,503.404763701931,1
201902181020,1598.961659,3657.552131588796,543.663726372468,1
201902181020,1599.810642,3657.552131588796,583.922689043005,1
201902181020,1631.811609,3724.617034299569,570.5030348194927,1
201902181020,1632.516165,3764.855975926034,536.9538992607118,1
201902181020,1632.955274,3784.975446739266,496.6949365901748,1
201902181020,1640.5081320000002,3845.333859178961,469.85562814315017,1
201902181020,1641.211778,3892.2792910765024,469.85562814315017,1
201902181020,1642.138681,3945.9312132451214,469.85562814315017,1
201902181020,1644.76213,3972.757174329431,496.6949365901748,1
201902181020,1645.3237780000002,3905.6922716186577,523.5342450371995,1
201902181020,1646.051591,3865.453329992194,536.9538992607118,1
201902181020,1646.819881,3865.453329992194,557.0833805959803,1
201902181020,1647.555244,3852.040349450039,577.2128619312489,1
201902181020,1753.120008,3952.637703516199,590.6325161547611,1
201902181020,1754.015571,4026.4090964980496,577.2128619312489,1
201902181020,1754.640402,4133.712940835287,583.922689043005,1
201902181020,1755.336663,4173.95188246175,604.0521703782736,1
201902181020,1755.9359350000002,4194.071353274982,651.0209601605667,1
201902181020,1756.6244270000002,4200.77784354606,691.2799228311036,1
201902181020,1757.6005630000002,4180.658372732828,765.0880210604215,1
201902181020,1758.376619,4127.0064505642085,785.21750239569,1
201902181020,1758.976824,4046.5285673112817,838.8961192897393,1
201902181020,1759.616708,3979.463664600508,885.8649090720326,1
201902181020,1760.216259,3898.98578134758,912.7042175190572,1
201902181020,1760.8402910000002,3811.801407823575,946.253353077838,1
201902181020,1761.487417,3724.617034299569,959.6730073013504,1
201902181020,1762.119952,3597.1937191491006,973.0926615248628,1
201902181020,1762.8244880000002,3489.889874811863,986.512315748375,1
201902181020,1763.783403,3409.411991558936,993.2221428601312,1
201902181020,1764.487836,3328.934108306008,993.2221428601312,1
201902181020,1765.104453,3268.5756958663114,993.2221428601312,1
201902181020,1765.7356430000002,3188.097812613384,979.8024886366188,1
201902181020,1766.352642,3114.326419631533,973.0926615248628,1
201902181020,1767.40028,3033.848536378605,966.3828344131064,1
201902181020,1768.4397640000002,2966.783633667832,966.3828344131064,1
201902181020,1770.303075,2872.8927698727493,946.253353077838,1
201902181020,1898.088181,2242.4826843914807,1214.6464375480846,1
201902181020,1899.488752,2148.591820596398,1214.6464375480846,1
201902181020,1902.848548,2081.526917885625,1214.6464375480846,1
201902181020,1906.056371,2021.168505445929,1201.2267833245724,1
201902181020,1918.112941,1947.3971124640784,1167.6776477657916,1
201902181020,1946.088473,1880.3322097533053,1187.80712910106,1
201902181020,1946.816766,1799.854326500377,1221.356264659841,1
201902181020,1948.999867,1739.4959140606816,1207.9366104363285,1
201902181020,1951.62374,1766.3218751449906,1234.7759188833531,1
201902181020,1952.328402,1766.3218751449906,1315.2938442244272,1
201902181020,1952.98417,1752.9088946028355,1402.521596677257,1
201902181020,1957.262658,1813.267307042532,1415.9412509007698,1
201902181020,1958.062565,1873.625719482228,1422.651078012526,1
201902181020,1958.720719,1933.984131921924,1429.360905124282,1
201902181020,1960.128898,1994.34254436162,1442.7805593477945,1
201902181020,1962.47229,2034.581485988084,1442.7805593477945,1
201902181020,1963.343593,2128.4723497831665,1462.9100406830628,1
201902181020,1977.192051,2081.526917885625,1536.7181389123807,1
201902181020,1978.904777,2068.1139373434703,1583.686928694674,1
201902181020,1980.112795,2041.287976259161,1644.0753727004794,1
201902181020,1981.760123,2021.168505445929,1691.044162482773,1
201902181020,2037.398064,2041.287976259161,1758.1424336003342,1
201902181020,2038.875511,2061.4074470723926,1831.950531829652,1
201902181020,2048.4994650000003,2061.4074470723926,1885.6291487237013,1
201902181020,2049.292035,2061.4074470723926,1966.147074064776,1
201902181020,2050.035604,2061.4074470723926,2019.825690958825,1
201902181020,2050.708184,2061.4074470723926,2100.3436162998987,1
201902181020,2051.4584250000003,2054.7009568013154,2154.022233193948,1
201902181020,2056.738394,2054.7009568013154,2227.830331423266,1
201902181020,2080.906837,2094.93989842778,2301.6384296525835,1
201902181020,2081.9954150000003,2148.591820596398,2321.767910987852,1
201902181020,2082.675706,2208.9502330360942,2321.767910987852,1
201902181020,2083.2588,2276.015135746867,2335.187565211365,1
201902181020,2084.04963,2329.667057915486,2335.187565211365,1
201902181020,2084.658792,2396.731960626259,2335.187565211365,1
201902181020,2085.8991180000003,2457.090373065955,2321.767910987852,1
201902181020,2088.027329,2497.32931469242,2315.058083876096,1
201902181020,2088.7802260000003,2537.568256318883,2315.058083876096,1
201902181020,2108.694025,2604.6331590296563,2308.34825676434,1
201902181020,2109.2295830000003,2658.285081198275,2308.34825676434,1
201902181020,2109.79805,2711.9370033668934,2308.34825676434,1
201902181020,2110.326396,2792.4148866198216,2315.058083876096,1
201902181020,2111.734453,2846.06680878844,2315.058083876096,1
201902181020,2118.277412,2919.8382017702907,2315.058083876096,1
201902181020,2119.5094280000003,2993.609594752141,2308.34825676434,1
201902181020,2122.629107,3053.9680071918374,2328.4777380996084,1
201902181020,2123.9742530000003,3067.380987733992,2395.57600921717,1
201902181020,2124.51084,3060.6744974629146,2489.5135887817564,1
201902181020,2125.046639,3060.6744974629146,2543.192205675806,1
201902181020,2125.638667,3060.6744974629146,2623.71013101688,1
201902181020,2126.190253,3060.6744974629146,2677.3887479109294,1
201902181020,2129.133667,3121.0329099026103,2677.3887479109294,1
201902181020,2130.381838,3181.3913223423065,2677.3887479109294,1
201902181020,2131.142252,3261.8692055952342,2670.678920799173,1
201902181020,2131.806545,3302.1081472216983,2643.8396123521484,1
201902181020,2132.294426,3315.5211277638527,2549.902032787562,1
201902181020,2133.0236600000003,3355.760069390317,2462.674280334732,1
201902181020,2133.822698,3389.292520745704,2408.995663440682,1
201902181020,2134.653971,3429.5314623721674,2341.897392323121,1
201902181020,2135.373603,3510.009345625096,2335.187565211365,1
201902181020,2136.150614,3483.1833845407864,2268.089294093803,1
201902181020,2136.886576,3449.6509331853995,2160.732060305704,1
201902181020,2140.58248,3389.292520745704,2086.9239620763865,1
201902181020,2141.8475120000003,3382.586030474626,1992.9863825118,1
201902181020,2144.086304,3335.640598577085,1925.8881113942384,1
201902181020,2155.230525,3248.4562250530794,1885.6291487237013,1
201902181020,2202.2897040000003,3141.1523807158424,1892.3389758354576,1
201902181020,2203.2826800000003,3067.380987733992,1939.3077656177509,1
201902181020,2204.154264,3007.022575294296,2006.406036735312,1
201902181020,2205.090884,2953.370653125677,2046.6649994058496,1
201902181020,2205.930846,2899.718730957059,2107.053443411655,1
201902181020,2207.018497,2812.5343574330536,2086.9239620763865,1
201902181020,2208.154785,2738.7629644512026,2086.9239620763865,1
201902181020,2209.1864290000003,2658.285081198275,2086.9239620763865,1
201902181020,2215.570858,2577.807197945347,2046.6649994058496,1
201902181020,2216.115351,2537.568256318883,2073.5043078528743,1
201902181020,2216.698706,2497.32931469242,2100.3436162998987,1
201902181020,2217.30543,2430.264411981646,2140.602578970436,1
201902181020,2217.994541,2430.264411981646,2194.2811958644847,1
201902181020,2218.747291,2430.264411981646,2234.5401585350223,1
201902181020,2219.267361,2390.0254703551823,2288.2187754290712,1
201902181020,2219.761558,2322.9605676444085,2301.6384296525835,1
201902181020,2220.3464120000003,2255.8956649336355,2301.6384296525835,1
201902181020,2221.842341,2162.004801138553,2355.3170465466333,1
201902181020,2222.586654,2121.765859512089,2429.125144775951,1
201902181020,2223.609176,2101.6463886988568,2516.352897228781,1
201902181020,2224.267851,2047.9944665302385,2570.0315141228307,1
201902181020,2224.858267,2021.168505445929,2637.1297852403923,1
201902181020,2225.490716,1947.3971124640784,2690.808402134441,1
201902181020,2226.362098,1900.451680566537,2717.647710581466,1
201902181020,2227.354586,1833.386777855764,2717.647710581466,1
201902181020,2248.794276,1752.9088946028355,2690.808402134441,1
201902181020,2249.609058,1692.55048216314,2637.1297852403923,1
201902181020,2251.145626,1558.4206767415935,2610.290476793368,1
201902181020,2251.953151,1491.3557740308204,2583.451168346343,1
201902181020,2252.6331410000003,1430.9973615911242,2590.160995458099,1
201902181020,2253.640862,1363.932458880351,2643.8396123521484,1
201902181020,2254.424812,1296.867556169578,2724.357537693222,1
201902181020,2255.505118,1270.0415950852685,2784.745981699028,1
201902181020,2256.864011,1182.8572215612633,2825.004944369565,1
201902181020,2257.735649,1109.0858285794127,2838.424598593077,1
201902181020,2258.544562,1021.9014550554074,2865.263907040102,1
201902181020,2271.696827,928.0105912603248,2905.5228697106386,1
201902181020,2272.345396,874.3586690917062,2965.911313716444,1
201902181020,2272.920549,807.2937663809331,3019.589930610494,1
201902181020,2273.568718,699.9899220436959,3039.719411945762,1
201902181020,2278.0648,612.8055485196907,3039.719411945762,1
201902181020,2278.880878,525.6211749956854,3059.8488932810305,1
201902181020,2280.1200790000003,431.7303112006029,3066.558720392787,1
201902181020,2281.105511,364.6654084898296,3066.558720392787,1
201902181020,2282.065979,297.60050577905633,3079.9783746163,1
201902181020,2283.08858,223.82911279720577,3126.9471643985926,1
201902181020,2300.468949,163.4707003575098,3046.4292390575183,1
201902181020,2301.138424,150.05771981535517,2959.2014866046884,1
201902181020,2301.7218820000003,109.81877818889122,2858.5540799283453,1
201902181020,2311.210833,136.6447392732005,2945.781832381176,1
201902181020,2312.1385720000003,136.6447392732005,2992.750622163469,1
201902181020,2312.762541,136.6447392732005,3059.8488932810305,1
201902181020,2313.403135,136.6447392732005,3120.237337286836,1
201902181020,2314.258522,129.93824900212317,3173.915954180886,1
201902181020,2315.051337,136.6447392732005,3247.724052410203,1
201902181020,2317.506929,163.4707003575098,3287.98301508074,1
201902181020,2318.297664,203.70964198397377,3287.98301508074,1
201902181020,2329.901302,277.4810349658244,3294.6928421924968,1
201902181020,2330.660858,378.0783890319843,3294.6928421924968,1
201902181020,2332.109993,431.7303112006029,3294.6928421924968,1
201902181020,2333.2063740000003,458.55627228491215,3294.6928421924968,1
201902181020,2335.078265,518.9146847246082,3294.6928421924968,1
201902181020,2336.09357,572.5666068932268,3294.6928421924968,1
201902181020,2337.141623,666.4574706883093,3294.6928421924968,1
201902181020,2339.4217040000003,740.2288636701599,3287.98301508074,1
201902181020,2342.893593,800.5872761098558,3287.98301508074,1
201902181020,2343.4298,860.9456885495517,3287.98301508074,1
201902181020,2361.444445,921.3041009892476,3241.0142252984474,1
201902181020,2362.26894,941.4235718024796,3167.2061270691293,1
201902181020,2363.020951,948.1300620735568,3086.6882017280554,1
201902181020,2363.789005,948.1300620735568,2986.040795051713,1
201902181020,2364.957066,948.1300620735568,2912.232696822395,1
201902181020,2367.093114,1021.9014550554074,2878.683561263614,1
201902181020,2368.036943,1109.0858285794127,2851.8442528165897,1
201902181020,2369.2364820000003,1162.7377507480314,2838.424598593077,1
201902181020,2370.427768,1236.509143729882,2825.004944369565,1
201902181020,2371.6132350000003,1303.5740464406551,2845.134425704833,1
201902181020,2372.6273610000003,1316.98702698281,2918.942523934152,1
201902181020,2374.931284,1337.1064977960418,2979.3309679399567,1
201902181020,2376.420752,1384.0519296935831,3026.29975772225,1
201902181020,2378.084512,1524.8882253862068,3059.8488932810305,1
201902181020,2378.859578,1612.0725989102125,3100.107855951568,1
201902181020,2380.045033,1719.3764432474493,3120.237337286836,1
201902181020,2381.141015,1786.4413459582229,3126.9471643985926,1
201902181020,2402.045532,1853.506248668996,3133.6569915103487,1
201902181020,2405.678313,1913.864661108692,3133.6569915103487,1
201902181020,2407.373555,2001.049034632697,3153.786472845617,1
201902181020,2408.6219730000003,2034.581485988084,3200.7552626279103,1
201902181020,2409.645809,2054.7009568013154,3261.143706633716,1
201902181020,2411.893023,2061.4074470723926,3355.0812861983018,1
201902181020,2423.941098,2034.581485988084,3435.599211539376,1
201902181020,2425.605547,2041.287976259161,3516.1171368804503,1
201902181020,2428.43871,1987.6360540905423,3650.313679115573,1
201902181020,2430.397878,1940.6906221930008,3730.831604456648,1
201902181020,2431.4934900000003,1833.386777855764,3784.510221350697,1
201902181020,2439.053663,1793.1478362293,3844.898665356503,1
201902181020,2439.7901030000003,1799.854326500377,3911.996936474064,1
201902181020,2440.43703,1840.0932681268407,3979.0952075916257,1
201902181020,2441.0939040000003,1900.451680566537,4012.644343150407,1
201902181020,2441.725925,2001.049034632697,4039.483651597431,1
201902181020,2442.277567,2074.8204276145475,4093.162268491481,1
201902181020,2442.8947860000003,2135.178840054244,4126.711404050262,1
201902181020,2443.525373,2155.298310867476,4193.809675167823,1
201902181020,2448.364979,2182.124271951785,4260.907946285384,1
201902181020,2449.733692,2175.417781680708,4321.296390291191,1
201902181020,2450.766582,2175.417781680708,4381.684834296996,1
201902181020,2452.870073,2168.71129140963,4442.073278302802,1
201902181020,2453.84584,2208.9502330360942,4509.171549420363,1
201902181020,2457.4616140000003,2255.8956649336355,4582.97964764968,1
201902181020,2458.134167,2296.1346065601,4650.077918767242,1
201902181020,2459.1654040000003,2363.199509270873,4737.305671220072,1
201902181020,2460.457344,2403.4384508973367,4844.662905008171,1
201902181020,2461.055808,2403.4384508973367,4925.180830349245,1
201902181020,2461.6893600000003,2450.383882794878,4985.569274355051,1
201902181020,2474.115733,2356.493018999795,4972.1496201315385,1
201902181020,2474.7801360000003,2255.8956649336355,4985.569274355051,1
201902181020,2475.908228,2202.243742765017,5032.538064137344,1
201902181020,2476.7800070000003,2195.5372524939394,5099.636335254905,1
201902181020,2477.803657,2182.124271951785,5186.864087707736,1
201902181020,2483.683438,2155.298310867476,5260.672185937054,1
201902181020,2485.108052,2168.71129140963,5307.640975719347,1
201902181020,2486.698525,2175.417781680708,5388.15890106042,1
201902181020,2489.1705110000003,2188.830762222862,5455.257172177983,1
201902181020,2489.923807,2175.417781680708,5529.0652704073,1
201902181020,2490.612054,2094.93989842778,5542.484924630812,1
201902181020,2491.355854,2041.287976259161,5562.614405966081,1
201902181020,2492.12366,1940.6906221930008,5569.324233077837,1
201902181020,2504.9477300000003,1860.212738940073,5569.324233077837,1
201902181020,2505.716339,1752.9088946028355,5562.614405966081,1
201902181020,2506.53184,1679.1375016209854,5562.614405966081,1
201902181020,2507.363992,1585.2466378259028,5582.74388730135,1
201902181020,2508.323197,1498.0622643018976,5582.74388730135,1
201902181020,2509.9551850000003,1404.1714005068152,5569.324233077837,1
201902181020,2511.4599550000003,1390.7584199646603,5508.935789072031,1
201902181020,2512.243505,1397.4649102357378,5435.127690842714,1
201902181020,2513.386457,1390.7584199646603,5368.029419725152,1
201902181020,2516.155776,1370.6389491514285,5280.801667272322,1
201902181020,2542.497211,1343.812988067119,5327.770457054615,1
201902181020,2543.0413080000003,1410.8778907778924,5368.029419725152,1
201902181020,2543.762177,1437.7038518622016,5408.288382395689,1
201902181020,2544.90594,1524.8882253862068,5428.417863730958,1
201902181020,2545.385102,1625.485579452367,5421.708036619201,1
201902181020,2546.088827,1759.6153848739134,5414.998209507446,1
201902181020,2546.9869590000003,1833.386777855764,5401.578555283933,1
201902181020,2651.0803960000003,1779.7348556871452,5347.899938389884,1
201902181020,2666.1841010000003,1705.963462705295,5294.221321495834,1
201902181020,2667.007421,1612.0725989102125,5280.801667272322,1
201902181020,2668.3357920000003,1538.3012059283617,5267.382013048809,1
201902181020,2668.958766,1444.410342133279,5267.382013048809,1
201902181020,2669.671389,1343.812988067119,5267.382013048809,1
201902181020,2670.663316,1236.509143729882,5294.221321495834,1
201902181020,2672.12672,1182.8572215612633,5361.319592613397,1
201902181020,2673.527587,1149.3247702058768,5455.257172177983,1
201902181020,2674.511813,1055.4339064107942,5515.645616183789,1
201902181020,2675.359242,1015.1949647843304,5569.324233077837,1
201902181020,2676.014682,974.9560231578662,5616.293022860131,1
201902181020,2676.807898,928.0105912603248,5656.551985530668,1
201902181020,2680.407618,874.3586690917062,5609.583195748374,1
201902181020,2681.93553,767.0548247544691,5582.74388730135,1
201902181020,2684.207645,679.8704512304639,5576.034060189593,1
201902181020,2687.118737,606.0990582486132,5576.034060189593,1
201902181020,2688.063434,492.0887236402988,5602.873368636618,1
201902181020,2689.207095,498.795213911376,5529.0652704073,1
201902181020,2690.712038,539.0341555378401,5461.966999289739,1
201902181020,2691.5275810000003,565.8601166221493,5394.868728172177,1
201902181020,2692.439816,579.273097164304,5321.060629942859,1
201902181020,2693.366944,592.6860777064587,5247.252531713541,1
201902181020,2694.2875710000003,619.512038790768,5186.864087707736,1
201902181020,2695.039533,619.512038790768,5106.346162366662,1
201902181020,2699.255997,639.6315096039999,5025.828237025588,1
201902181020,2703.463091,565.8601166221493,5045.957718360856,1
201902181020,2704.343362,512.2081944535307,5052.667545472613,1
201902181020,2705.575247,431.7303112006029,5045.957718360856,1
201902181020,2706.391705,337.8394474055203,5039.2478912491,1
201902181020,2707.655305,264.0680544236697,5039.2478912491,1
201902181020,2710.447542,109.81877818889122,4992.279101466807,2
201902181020,2732.2149090000003,49.46036574919528,4864.792386343439,2
201902181020,2732.950656,69.57983656242726,4784.274461002366,2
201902181020,2733.679295,56.1668560202726,4683.627054326023,2
201902181020,2734.3348140000003,56.1668560202726,4629.948437431974,2
201902181020,2734.990161,62.873346291349925,4515.881376532119,2
201902181020,2735.719071,62.873346291349925,4462.202759638069,2
201902181020,2737.886892,136.6447392732005,4462.202759638069,2
201902181020,2738.743199,210.4161322550511,4455.492932526313,2
201902181020,2739.663634,277.4810349658244,4442.073278302802,2
201902181020,2740.742691,337.8394474055203,4442.073278302802,2
201902181020,2742.20692,398.1978598452162,4435.363451191045,2
201902181020,2745.24758,458.55627228491215,4442.073278302802,2
201902181020,2746.584234,525.6211749956854,4442.073278302802,2
201902181020,2751.09445,606.0990582486132,4448.783105414557,2
201902181020,2752.2226760000003,673.1639609593866,4448.783105414557,2
201902181020,2752.895539,673.1639609593866,4495.7518951968505,2
201902181020,2753.5306330000003,679.8704512304639,4549.430512090899,2
201902181020,2754.079083,679.8704512304639,4596.3993018731935,2
201902181020,2754.671586,673.1639609593866,4650.077918767242,2
201902181020,2755.302741,673.1639609593866,4717.176189884804,2
201902181020,2755.918911,673.1639609593866,4750.7253254435855,2
201902181020,2756.502968,673.1639609593866,4797.694115225878,2
201902181020,2757.127547,673.1639609593866,4844.662905008171,2
201902181020,2760.383093,673.1639609593866,4918.471003237489,2
201902181020,2768.927498,659.7509804172319,4965.439793019782,2
201902181020,2769.9992700000003,646.3379998750773,5032.538064137344,2
201902181020,2770.734989,619.512038790768,5086.216681031394,2
201902181020,2772.078347,632.9250193329226,5133.185470813686,2
201902181020,2773.4475150000003,626.2185290618453,5173.444433484223,2
201902181020,2774.422019,592.6860777064587,5247.252531713541,2
201902181020,2775.959426,518.9146847246082,5280.801667272322,2
201902181020,2776.599017,404.90435011629353,5274.091840160566,2
201902181020,2777.270982,357.9589182187523,5267.382013048809,2
201902181020,2778.6787910000003,264.0680544236697,5267.382013048809,2
201902181020,2779.367118,210.4161322550511,5260.672185937054,2
201902181020,2779.999742,163.4707003575098,5260.672185937054,2
201902181020,2782.334893,109.81877818889122,5267.382013048809,2
201902181020,2809.90328,183.5901711707418,5253.962358825297,2
201902181020,2810.863139,230.53560306828305,5240.542704601786,2
201902181020,2811.830981,264.0680544236697,5206.993569043005,2
201902181020,2866.666898,351.25242794767496,5213.70339615476,2
201902181020,2868.537616,431.7303112006029,5213.70339615476,2
201902181020,2964.6981370000003,485.3822333692215,5240.542704601786,2
201902181020,2965.793731,552.4471360799947,5280.801667272322,2
201902181020,2967.090624,606.0990582486132,5287.511494384078,2
201902181020,2968.858697,619.512038790768,5321.060629942859,2
201902181020,2969.779447,632.9250193329226,5381.449073948665,2
201902181020,3000.760361,646.3379998750773,5441.83751795447,2
201902181020,3001.5280860000003,639.6315096039999,5508.935789072031,2
201902181020,3002.33551,666.4574706883093,5569.324233077837,2
201902181020,3003.049443,699.9899220436959,5582.74388730135,2
201902181020,3003.6401530000003,773.7613150255465,5589.453714413105,2
201902181020,3005.000055,820.7067469230877,5589.453714413105,2
201902181020,3008.160445,887.771649633861,5589.453714413105,2
201902181020,3008.928671,948.1300620735568,5616.293022860131,2
201902181020,3010.224882,995.0754939710982,5636.422504195399,2
201902181020,3013.9833980000003,1042.0209258686396,5656.551985530668,2
201902181020,3020.543285,1048.7274161397168,5596.163541524862,2
201902181020,3021.550978,1122.498809121567,5562.614405966081,2
201902181020,3022.54331,1182.8572215612633,5549.194751742569,2
201902181020,3023.454749,1249.9221242720366,5576.034060189593,2
201902181020,3024.559204,1290.1610658985005,5576.034060189593,2
201902181020,3025.223346,1343.812988067119,5589.453714413105,2
201902181020,3026.095342,1384.0519296935831,5596.163541524862,2
201902181020,3026.8234270000003,1424.290871320047,5609.583195748374,2
201902181020,3028.463018,1471.2363032175883,5623.002849971887,2
201902181020,3030.119516,1524.8882253862068,5629.712677083643,2
201902181020,3032.207516,1585.2466378259028,5616.293022860131,2
201902181020,3044.0705470000003,1638.8985599945215,5596.163541524862,2
201902181020,3044.831459,1699.2569724342177,5589.453714413105,2
201902181020,3046.263771,1746.2024043317588,5589.453714413105,2
201902181020,3046.754338,1826.6802875846863,5589.453714413105,2
201902181020,3047.4383270000003,1880.3322097533053,5589.453714413105,2
201902181020,3047.918182,1960.810093006233,5589.453714413105,2
201902181020,3048.598239,2014.462015174852,5596.163541524862,2
201902181020,3049.079039,2061.4074470723926,5596.163541524862,2
201902181020,3052.3429610000003,2128.4723497831665,5589.453714413105,2
201902181020,3053.094451,2188.830762222862,5609.583195748374,2
201902181020,3053.6148780000003,2215.6567233071714,5629.712677083643,2
201902181020,3054.173781,2255.8956649336355,5649.842158418912,2
201902181020,3054.807407,2282.721626017945,5676.681466865936,2
201902181020,3056.502654,2369.9059995419498,5669.97163975418,2
201902181020,3057.278374,2416.851431439491,5616.293022860131,2
201902181020,3058.119086,2477.2098438791872,5555.904578854325,2
201902181020,3059.0707540000003,2524.155275776728,5529.0652704073,2
201902181020,3060.37484,2577.807197945347,5508.935789072031,2
201902181020,3061.8312920000003,2631.4591201139656,5475.386653513251,2
201902181020,3107.107119,2651.5785909271976,5394.868728172177,2
201902181020,3108.484871,2651.5785909271976,5321.060629942859,2
201902181020,3109.635096,2644.8721006561204,5253.962358825297,2
201902181020,3110.859191,2631.4591201139656,5186.864087707736,2
201902181020,3112.236056,2631.4591201139656,5133.185470813686,2
201902181020,3122.74759,2624.7526298428884,5025.828237025588,2
201902181020,3125.73025,2631.4591201139656,4925.180830349245,2
201902181020,3130.355891,2564.394217403192,4898.341521902221,2
201902181020,3132.459534,2497.32931469242,4884.921867678708,2
201902181020,3135.163519,2423.5579217105687,4871.502213455196,2
201902181020,3136.9798100000003,2363.199509270873,4871.502213455196,2
201902181020,3191.0273380000003,2289.428116289022,4871.502213455196,2
201902181020,3193.276571,2229.069703849326,4891.631694790464,2
201902181020,3260.188764,2135.178840054244,4891.631694790464,2
201902181020,3261.996098,2054.7009568013154,4898.341521902221,2
201902181020,3264.0597310000003,1954.103602735156,4898.341521902221,2
201902181020,3266.05268,1893.74519029546,4905.0513490139765,2
201902181020,3266.900164,1819.973797313609,4905.0513490139765,2
201902181020,3268.852271,1732.789423789604,4911.761176125733,2
201902181020,3270.108746,1638.8985599945215,4911.761176125733,2
201902181020,3270.716261,1551.7141864705163,4918.471003237489,2
201902181020,3271.394131,1457.8233226754337,4918.471003237489,2
201902181020,3272.023624,1390.7584199646603,4898.341521902221,2
201902181020,3272.741087,1330.4000075249644,4878.212040566952,2
201902181020,3273.9001900000003,1249.9221242720366,4837.953077896415,2
201902181020,3275.291854,1196.270202103418,4864.792386343439,2
201902181020,3276.148673,1149.3247702058768,4911.761176125733,2
201902181020,3277.203763,1095.672848037258,4931.890657461002,2
201902181020,3281.7087,1048.7274161397168,4884.921867678708,2
201902181020,3282.371943,1021.9014550554074,4837.953077896415,2
201902181020,3283.508062,1021.9014550554074,4777.56463389061,2
201902181020,3284.627739,1001.7819842421756,4710.466362773048,2
201902181020,3309.2599760000003,1015.1949647843304,4643.368091655486,2
201902181020,3358.930508,1048.7274161397168,4596.3993018731935,2
201902181020,3362.586478,1075.553377224026,4576.269820537925,2
201902181020,3365.802427,1129.2052993926447,4569.559993426168,2
201902181020,3375.36605,1182.8572215612633,4556.140339202656,2
201902181020,3376.110776,1249.9221242720366,4569.559993426168,2
201902181020,3376.678126,1296.867556169578,4569.559993426168,2
201902181020,3377.23002,1357.225968609274,4569.559993426168,2
201902181020,3377.750563,1424.290871320047,4569.559993426168,2
201902181020,3378.26177,1471.2363032175883,4569.559993426168,2
201902181020,3378.717736,1531.5947156572845,4582.97964764968,2
201902181020,3379.214159,1558.4206767415935,4609.818956096705,2
201902181020,3379.717629,1605.3661086391348,4643.368091655486,2
201902181020,3380.869947,1625.485579452367,4670.20740010251,2
201902181020,3397.725643,1645.6050502655987,4683.627054326023,2
201902181020,3411.25316,1692.55048216314,4670.20740010251,2
201902181020,3412.005438,1726.0829335185267,4730.595844108317,2
201902181020,3412.590808,1739.4959140606816,4750.7253254435855,2
201902181020,3413.070181,1746.2024043317588,4784.274461002366,2
201902181020,3413.5904370000003,1685.8439918920626,4804.403942337634,2
201902181020,3414.6304640000003,1652.311540536676,4811.113769449391,2
201902181020,3422.8379950000003,1712.669952976372,4817.823596561147,2
201902181020,3423.846084,1793.1478362293,4817.823596561147,2
201902181020,3425.350019,1853.506248668996,4811.113769449391,2
201902181020,3426.501826,1920.571151379769,4784.274461002366,2
201902181020,3428.45406,1980.929563819465,4757.435152555341,2
201902181020,3429.974602,2041.287976259161,4730.595844108317,2
201902181020,3430.638919,2101.6463886988568,4710.466362773048,2
201902181020,3431.870324,2141.885330325321,4690.336881437779,2
201902181020,3432.765455,2188.830762222862,4676.917227214267,2
201902181020,3433.558298,2255.8956649336355,4650.077918767242,2
201902181020,3434.503005,2309.547587102254,4623.238610320218,2
201902181020,3435.7419680000003,2369.9059995419498,4596.3993018731935,2
201902181020,3444.350317,2416.851431439491,4596.3993018731935,2
201902181020,3445.06998,2463.7968633370324,4623.238610320218,2
201902181020,3445.813442,2497.32931469242,4650.077918767242,2
201902181020,3446.494481,2537.568256318883,4676.917227214267,2
201902181020,3448.102387,2564.394217403192,4703.756535661291,2
201902181020,3450.165349,2604.6331590296563,4730.595844108317,2
201902181020,3478.749225,2604.6331590296563,4676.917227214267,2
201902181020,3479.534762,2604.6331590296563,4636.65826454373,2
201902181020,3480.3186330000003,2611.339649300733,4603.109128984949,2
201902181020,3553.182016,2571.1007076742694,4576.269820537925,2
201902181020,3554.3589460000003,2497.32931469242,4576.269820537925,2
201902181020,3555.9525040000003,2436.970902252723,4569.559993426168,2
201902181020,3557.262888,2356.493018999795,4569.559993426168,2
201902181020,3558.712131,2269.30864547579,4562.8501663144125,2
201902181020,3561.550951,2202.243742765017,4562.8501663144125,2
201902181020,3563.279528,2148.591820596398,4582.97964764968,2
201902181020,3564.375092,2068.1139373434703,4596.3993018731935,2
201902181020,3565.1093650000003,1974.223073548388,4609.818956096705,2
201902181020,3566.142116,1860.212738940073,4609.818956096705,2
201902181020,3566.5989950000003,1779.7348556871452,4603.109128984949,2
201902181020,3567.04766,1692.55048216314,4596.3993018731935,2
201902181020,3567.559345,1585.2466378259028,4596.3993018731935,2
201902181020,3567.973348,1511.4752448440524,4582.97964764968,2
201902181020,3568.462734,1451.1168324043565,4582.97964764968,2
201902181020,3568.988515,1370.6389491514285,4596.3993018731935,2
201902181020,3569.503017,1276.748085356346,4650.077918767242,2
201902181020,3570.551012,1263.3351048141913,4703.756535661291,2
201902181020,3573.0548590000003,1182.8572215612633,4757.435152555341,2
201902181020,3573.6231270000003,1075.553377224026,4804.403942337634,2
201902181020,3574.1502290000003,981.6625134289436,4837.953077896415,2
201902181020,3575.278548,887.771649633861,4871.502213455196,2
201902181020,3577.542107,887.771649633861,4817.823596561147,2
201902181020,3578.046038,907.891120447093,4784.274461002366,2
201902181020,3578.710323,874.3586690917062,4797.694115225878,2
201902181020,3579.398178,887.771649633861,4824.533423672902,2
201902181020,3580.055174,901.1846301760156,4864.792386343439,2
201902181020,3590.126086,834.1197274652424,4965.439793019782,2
201902181020,3590.718667,686.5769415015412,4945.310311684514,2
201902181020,3591.199223,659.7509804172319,4817.823596561147,2
201902181020,3591.926903,673.1639609593866,4723.88601699656,2
201902181020,3593.03092,673.1639609593866,4690.336881437779,2
201902181020,3606.858265,679.8704512304639,4596.3993018731935,2
201902181020,3607.98588,679.8704512304639,4509.171549420363,2
201902181020,3609.122568,679.8704512304639,4448.783105414557,2
201902181020,3612.810388,532.3276652667627,4435.363451191045,2
201902181020,3613.442597,431.7303112006029,4435.363451191045,2
201902181020,3614.562947,351.25242794767496,4435.363451191045,2
201902181020,3615.161075,264.0680544236697,4435.363451191045,2
201902181020,3615.85861,176.88368089966443,4435.363451191045,2
201902181020,3616.523024,116.52526845996854,4435.363451191045,2
201902181020,3617.235065,82.9928171045819,4435.363451191045,2
201902181020,3619.146597,56.1668560202726,4569.559993426168,2
201902181020,3619.626963,56.1668560202726,4636.65826454373,2
201902181020,3620.435176,49.46036574919528,4710.466362773048,2
201902181020,3621.058208,42.75387547811796,4824.533423672902,2
201902181020,3621.618592,42.75387547811796,4891.631694790464,2
201902181020,3622.331175,42.75387547811796,4978.859447243294,2
201902181020,3624.554896,109.81877818889122,4998.988928578563,2
201902181020,3625.234584,197.00315171289645,4992.279101466807,2
201902181020,3625.79497,270.774544694747,4992.279101466807,2
201902181020,3626.361941,311.01348632121096,4992.279101466807,2
201902181020,3628.137493,552.4471360799947,5039.2478912491,1
201902181020,3629.377224,632.9250193329226,5032.538064137344,1
201902181020,3634.730189,626.2185290618453,4925.180830349245,1
201902181020,3635.600996,632.9250193329226,4864.792386343439,1
201902181020,3636.434521,632.9250193329226,4817.823596561147,1
201902181020,3637.033567,632.9250193329226,4750.7253254435855,1
201902181020,3637.651375,626.2185290618453,4683.627054326023,1
201902181020,3638.689606,632.9250193329226,4609.818956096705,1
201902181020,3650.281413,619.512038790768,4522.591203643875,1
201902181020,3657.930277,565.8601166221493,4495.7518951968505,1
201902181020,3658.777568,492.0887236402988,4515.881376532119,1
201902181020,3659.801731,418.31733065844816,4509.171549420363,1
201902181020,3660.513205,371.3718987609069,4502.461722308607,1
201902181020,3661.041917,311.01348632121096,4502.461722308607,1
201902181020,3661.737361,277.4810349658244,4502.461722308607,1
201902181020,3662.220286,96.40579764673654,4475.622413861582,0
201902181020,3668.652483,49.46036574919528,4515.881376532119,0
201902181020,3669.357291,49.46036574919528,4576.269820537925,0
201902181020,3669.989619,49.46036574919528,4636.65826454373,0
201902181020,3670.637018,36.04738520704063,4710.466362773048,0
201902181020,3671.204992,29.3408949359633,4811.113769449391,0
201902181020,3671.788524,29.3408949359633,4864.792386343439,0
201902181020,3672.373291,29.3408949359633,4918.471003237489,0
201902181020,3673.101204,56.1668560202726,4972.1496201315385,0
201902181020,3673.830084,136.6447392732005,4972.1496201315385,0
201902181020,3674.40531,210.4161322550511,4992.279101466807,0
201902181020,3675.036861,297.60050577905633,4998.988928578563,0
201902181020,3675.63687,378.0783890319843,4998.988928578563,0
201902181020,3676.267823,458.55627228491215,4998.988928578563,0
201902181020,3677.397401,518.9146847246082,4998.988928578563,0
201902181020,3678.932906,592.6860777064587,4998.988928578563,0
201902181020,3679.932934,639.6315096039999,4998.988928578563,0
201902181020,3695.133457,699.9899220436959,4958.729965908026,0
201902181020,3696.141005,753.6418442123145,4945.310311684514,0
201902181020,3697.045259,793.8807858387785,4925.180830349245,0
201902181020,3697.459962,874.3586690917062,4925.180830349245,0
201902181020,3697.981479,988.3690037000208,4925.180830349245,0
201902181020,3698.453933,1082.2598674951034,4925.180830349245,0
201902181020,3698.901257,1202.976692374495,4911.761176125733,0
201902181020,3699.477787,1417.5843810489698,4905.0513490139765,0
201902181020,3700.181751,1504.768754572975,4898.341521902221,0
201902181020,3701.149401,1685.8439918920626,4891.631694790464,0
201902181020,3701.78898,1826.6802875846863,4884.921867678708,0
201902181020,3702.365675,1960.810093006233,4884.921867678708,0
201902181020,3702.90965,2121.765859512089,4884.921867678708,0
201902181020,3703.573318,2255.8956649336355,4891.631694790464,0
201902181020,3704.252844,2410.144941168414,4891.631694790464,0
201902181020,3705.125448,2477.2098438791872,4891.631694790464,0
